;nombre;valor;fecha;lugar;edad;altura;posicion;pie;club;fichado;contrato
0;Erling Haaland;180000000;21/07/2000;Leeds;23;1,95 m;Delantero - Delantero centro;izquierdo;Manchester City;1/07/2022;30/06/2027
1;Kylian Mbappé;180000000;20/12/1998;Paris;24;1,78 m;Delantero - Delantero centro;derecho;París Saint-Germain FC;1/07/2018;30/06/2024
2;Vinicius Junior;150000000;12/07/2000;São Gonçalo;23;1,76 m;Delantero - Extremo izquierdo;derecho;Real Madrid CF;12/07/2018;30/06/2024
3;Jude Bellingham;120000000;29/06/2003;Stourbridge;20;1,86 m;Medio campo - Mediocentro;derecho;Real Madrid CF;1/07/2023;30/06/2029
4;Bukayo Saka;120000000;5/09/2001;London;22;1,78 m;Delantero - Extremo derecho;izquierdo;Arsenal FC;1/07/2019;30/06/2027
5;Victor Osimhen;120000000;29/12/1998;Lagos;24;1,86 m;Delantero - Delantero centro;derecho;SSC Nápoles;1/09/2020;30/06/2025
6;Jamal Musiala;110000000;26/02/2003;Stuttgart;20;1,84 m;Medio campo - Mediocentro ofensivo;derecho;Bayern Múnich;1/07/2020;30/06/2026
7;Phil Foden;110000000;28/05/2000;Stockport;23;1,71 m;Delantero - Extremo izquierdo;izquierdo;Manchester City;1/07/2017;30/06/2027
8;Pedri;100000000;25/11/2002;Tegueste;20;1,74 m;Medio campo - Mediocentro;derecho;FC Barcelona;2/09/2019;30/06/2026
9;Rodrygo;100000000;9/01/2001;Osasco;22;1,74 m;Delantero - Extremo derecho;derecho;Real Madrid CF;1/07/2019;30/06/2025
10;Federico Valverde;100000000;22/07/1998;Montevideo;25;1,82 m;Medio campo - Mediocentro;derecho;Real Madrid CF;1/07/2018;30/06/2027
11;Declan Rice;100000000;14/01/1999;London;24;1,88 m;Medio campo - Pivote;derecho;Arsenal FC;15/07/2023;30/06/2028
12;Rodri;100000000;22/06/1996;Madrid;27;1,91 m;Medio campo - Pivote;derecho;Manchester City;4/07/2019;30/06/2027
13;Moisés Caicedo;90000000;2/11/2001;Santo Domingo;21;1,78 m;Medio campo - Pivote;derecho;Chelsea FC;14/08/2023;30/06/2031
14;Gavi;90000000;5/08/2004;Los Palacios y Villafranca;19;1,73 m;Medio campo - Mediocentro;derecho;FC Barcelona;1/07/2021;30/06/2026
15;Rafael Leão;90000000;10/06/1999;Almada;24;1,88 m;Delantero - Extremo izquierdo;derecho;AC Milan;1/08/2019;30/06/2028
16;Martin Ødegaard;90000000;17/12/1998;Drammen;24;1,78 m;Medio campo - Mediocentro ofensivo;izquierdo;Arsenal FC;20/08/2021;30/06/2028
17;Harry Kane;90000000;28/07/1993;London;30;1,88 m;Delantero - Delantero centro;derecho;Bayern Múnich;12/08/2023;30/06/2027
18;Eduardo Camavinga;85000000;10/11/2002;Cabinda;20;1,82 m;Medio campo - Mediocentro;izquierdo;Real Madrid CF;31/08/2021;30/06/2027
19;Florian Wirtz;85000000;3/05/2003;Pulheim;20;1,77 m;Medio campo - Mediocentro ofensivo;derecho;Bayer 04 Leverkusen;1/07/2020;30/06/2027
20;Bruno Guimarães;85000000;16/11/1997;Rio de Janeiro;25;1,82 m;Medio campo - Pivote;derecho;Newcastle United;30/01/2022;30/06/2028
21;Khvicha Kvaratskhelia;85000000;12/02/2001;Tiflis;22;1,83 m;Delantero - Extremo izquierdo;ambidiestro;SSC Nápoles;1/07/2022;30/06/2027
22;Aurélien Tchouaméni;85000000;27/01/2000;Rouen;23;1,88 m;Medio campo - Pivote;derecho;Real Madrid CF;1/07/2022;30/06/2028
23;Lautaro Martínez;85000000;22/08/1997;Bahía Blanca;26;1,74 m;Delantero - Delantero centro;derecho;Inter de Milán;4/07/2018;30/06/2026
24;Gabriel Martinelli;80000000;18/06/2001;Guarulhos;22;1,78 m;Delantero - Extremo izquierdo;derecho;Arsenal FC;2/07/2019;30/06/2027
25;Enzo Fernández;80000000;17/01/2001;San Martín;22;1,78 m;Medio campo - Mediocentro;derecho;Chelsea FC;31/01/2023;30/06/2031
26;Julián Álvarez;80000000;31/01/2000;Calchín;23;1,70 m;Delantero - Delantero centro;derecho;Manchester City;31/01/2022;30/06/2028
27;Randal Kolo Muani;80000000;5/12/1998;Bondy;24;1,87 m;Delantero - Delantero centro;derecho;París Saint-Germain FC;1/09/2023;30/06/2028
28;Josko Gvardiol;80000000;23/01/2002;Zagreb;21;1,85 m;Defensa - Defensa central;izquierdo;Manchester City;5/08/2023;30/06/2028
29;Christopher Nkunku;80000000;14/11/1997;Lagny-sur-Marne;25;1,78 m;Medio campo - Mediocentro ofensivo;derecho;Chelsea FC;1/07/2023;30/06/2029
30;Rúben Dias;80000000;14/05/1997;Amadora;26;1,87 m;Defensa - Defensa central;derecho;Manchester City;29/09/2020;30/06/2027
31;Bernardo Silva;80000000;10/08/1994;Lisboa;29;1,73 m;Medio campo - Mediocentro ofensivo;izquierdo;Manchester City;1/07/2017;30/06/2026
32;Luis Díaz;75000000;13/01/1997;Barrancas;26;1,80 m;Delantero - Extremo izquierdo;derecho;Liverpool FC;30/01/2022;30/06/2027
33;Gabriel Jesus;75000000;3/04/1997;São Paulo;26;1,75 m;Delantero - Delantero centro;derecho;Arsenal FC;4/07/2022;30/06/2027
34;Frenkie de Jong;75000000;12/05/1997;Arkel;26;1,81 m;Medio campo - Mediocentro;derecho;FC Barcelona;1/07/2019;30/06/2026
35;Matthijs de Ligt;75000000;12/08/1999;Leiderdorp;24;1,89 m;Defensa - Defensa central;derecho;Bayern Múnich;19/07/2022;30/06/2027
36;Marcus Rashford;75000000;31/10/1997;Manchester;25;1,85 m;Delantero - Extremo izquierdo;derecho;Manchester United;1/01/2016;30/06/2028
37;Nicolò Barella;75000000;7/02/1997;Cagliari;26;1,75 m;Medio campo - Mediocentro;derecho;Inter de Milán;1/09/2020;30/06/2026
38;Bruno Fernandes;75000000;8/09/1994;Maia;29;1,79 m;Medio campo - Mediocentro ofensivo;derecho;Manchester United;29/01/2020;30/06/2026
39;Jack Grealish;75000000;10/09/1995;Birmingham;28;1,80 m;Delantero - Extremo izquierdo;derecho;Manchester City;5/08/2021;30/06/2027
40;Joshua Kimmich;75000000;8/02/1995;Rottweil;28;1,77 m;Medio campo - Pivote;derecho;Bayern Múnich;2/07/2015;30/06/2025
41;William Saliba;70000000;24/03/2001;Bondy;22;1,92 m;Defensa - Defensa central;derecho;Arsenal FC;25/07/2019;30/06/2027
42;Ronald Araújo;70000000;7/03/1999;Rivera;24;1,92 m;Defensa - Defensa central;derecho;FC Barcelona;5/10/2020;30/06/2026
43;Dominik Szoboszlai;70000000;25/10/2000;Székesfehérvár;22;1,87 m;Medio campo - Mediocentro;derecho;Liverpool FC;2/07/2023;30/06/2028
44;Alphonso Davies;70000000;2/11/2000;Buduburam;22;1,83 m;Defensa - Lateral izquierdo;izquierdo;Bayern Múnich;1/01/2019;30/06/2025
45;Éder Militao;70000000;18/01/1998;Sertãozinho;25;1,86 m;Defensa - Defensa central;derecho;Real Madrid CF;1/07/2019;30/06/2025
46;Dusan Vlahovic;70000000;28/01/2000;Belgrade;23;1,90 m;Delantero - Delantero centro;izquierdo;Juventus de Turín;28/01/2022;30/06/2026
47;Alexander Isak;70000000;21/09/1999;Solna;24;1,92 m;Delantero - Delantero centro;derecho;Newcastle United;26/08/2022;30/06/2028
48;James Maddison;70000000;23/11/1996;Coventry;26;1,75 m;Medio campo - Mediocentro ofensivo;derecho;Tottenham Hotspur;1/07/2023;30/06/2028
49;Kevin De Bruyne;70000000;28/06/1991;Drongen;32;1,81 m;Medio campo - Mediocentro ofensivo;derecho;Manchester City;30/08/2015;30/06/2025
50;Evan Ferguson;65000000;19/10/2004;Bettystown, Meath;18;1,83 m;Delantero - Delantero centro;derecho;Brighton & Hove Albion;1/07/2022;30/06/2028
51;Nuno Mendes;65000000;19/06/2002;Lisboa;21;1,83 m;Defensa - Lateral izquierdo;izquierdo;París Saint-Germain FC;1/07/2022;30/06/2026
52;Rasmus Højlund;65000000;4/02/2003;København;20;1,91 m;Delantero - Delantero centro;izquierdo;Manchester United;5/08/2023;30/06/2028
53;Darwin Núñez;65000000;24/06/1999;Artigas;24;1,87 m;Delantero - Delantero centro;derecho;Liverpool FC;1/07/2022;30/06/2028
54;Alexis Mac Allister;65000000;24/12/1998;Santa Rosa;24;1,76 m;Medio campo - Mediocentro;derecho;Liverpool FC;1/07/2023;30/06/2028
55;Lucas Paquetá;65000000;27/08/1997;Paquetá;26;1,80 m;Medio campo - Mediocentro ofensivo;izquierdo;West Ham United;29/08/2022;30/06/2027
56;Achraf Hakimi;65000000;4/11/1998;Madrid;24;1,81 m;Defensa - Lateral derecho;derecho;París Saint-Germain FC;6/07/2021;30/06/2026
57;Trent Alexander-Arnold;65000000;7/10/1998;Liverpool;25;1,80 m;Defensa - Lateral derecho;derecho;Liverpool FC;1/07/2016;30/06/2025
58;Kingsley Coman;65000000;13/06/1996;Paris;27;1,81 m;Delantero - Extremo izquierdo;derecho;Bayern Múnich;1/07/2017;30/06/2027
59;Leroy Sané;65000000;11/01/1996;Essen;27;1,83 m;Delantero - Extremo derecho;izquierdo;Bayern Múnich;15/07/2020;30/06/2025
60;Marquinhos;65000000;14/05/1994;São Paulo;29;1,83 m;Defensa - Defensa central;derecho;París Saint-Germain FC;19/07/2013;30/06/2028
61;Mohamed Salah;65000000;15/06/1992;Nagrig, Basyoun;31;1,75 m;Delantero - Extremo derecho;izquierdo;Liverpool FC;1/07/2017;30/06/2025
62;Jonathan David;60000000;14/01/2000;Brooklyn, New York;23;1,75 m;Delantero - Delantero centro;ambidiestro;LOSC Lille Métropole;11/08/2020;30/06/2025
63;Min-jae Kim;60000000;15/11/1996;Tongyeong, Gyeongnam;26;1,90 m;Defensa - Defensa central;derecho;Bayern Múnich;18/07/2023;30/06/2028
64;Jeremy Doku;60000000;27/05/2002;Borgerhout;21;1,73 m;Delantero - Extremo derecho;derecho;Manchester City;24/08/2023;30/06/2028
65;Jules Koundé;60000000;12/11/1998;Paris;24;1,80 m;Defensa - Defensa central;derecho;FC Barcelona;28/07/2022;30/06/2027
66;Raphinha;60000000;14/12/1996;Porto Alegre;26;1,76 m;Delantero - Extremo derecho;izquierdo;FC Barcelona;13/07/2022;30/06/2027
67;Sandro Tonali;60000000;8/05/2000;Lodi;23;1,81 m;Medio campo - Pivote;derecho;Newcastle United;3/07/2023;30/06/2028
68;Cristian Romero;60000000;27/04/1998;Córdoba;25;1,85 m;Defensa - Defensa central;derecho;Tottenham Hotspur;30/08/2022;30/06/2027
69;Mason Mount;60000000;10/01/1999;Portsmouth;24;1,81 m;Medio campo - Mediocentro ofensivo;derecho;Manchester United;5/07/2023;30/06/2028
70;Dayot Upamecano;60000000;27/10/1998;Évreux;24;1,86 m;Defensa - Defensa central;derecho;Bayern Múnich;5/07/2021;30/06/2026
71;Theo Hernández;60000000;6/10/1997;Marseille;26;1,84 m;Defensa - Lateral izquierdo;izquierdo;AC Milan;6/07/2019;30/06/2026
72;Alessandro Bastoni;60000000;13/04/1999;Casalmaggiore;24;1,90 m;Defensa - Defensa central;izquierdo;Inter de Milán;30/08/2017;30/06/2028
73;Kai Havertz;60000000;11/06/1999;Aachen;24;1,90 m;Medio campo - Mediocentro ofensivo;izquierdo;Arsenal FC;1/07/2023;30/06/2028
74;Ousmane Dembélé;60000000;15/05/199;Vernon;26;1,78 m;Delantero - Extremo derecho;ambidiestro;París Saint-Germain FC;12/08/2023;30/06/2028
75;Neymar;60000000;5/02/1992;Mogi das Cruzes;31;1,75 m;Delantero - Extremo izquierdo;derecho;Al-Hilal SFC;15/08/2023;30/06/2025
76;Matheus Nunes;55000000;27/08/1998;Rio de Janeiro;25;1,83 m;Medio campo - Mediocentro;derecho;Manchester City;1/09/2023;30/06/2028
77;Reece James;55000000;8/12/1999;London;23;1,80 m;Defensa - Lateral derecho;derecho;Chelsea FC;1/07/2019;30/06/2028
78;Douglas Luiz;55000000;9/05/1998;Rio de Janeiro;25;1,77 m;Medio campo - Mediocentro;derecho;Aston Villa;25/07/2019;30/06/2026
79;Gabriel Magalhães;55000000;19/12/1997;São Paulo;25;1,90 m;Defensa - Defensa central;izquierdo;Arsenal FC;1/09/2020;30/06/2027
80;Cody Gakpo;55000000;7/05/1999;Eindhoven;24;1,93 m;Delantero - Extremo izquierdo;derecho;Liverpool FC;1/01/2023;30/06/2028
81;Moussa Diaby;55000000;7/07/1999;Paris;24;1,71 m;Delantero - Extremo derecho;izquierdo;Aston Villa;22/07/2023;30/06/2028
82;Ben White;55000000;8/10/1997;Poole;26;1,86 m;Defensa - Lateral derecho;derecho;Arsenal FC;30/07/2021;30/06/2026
83;Ollie Watkins;55000000;30/12/1995;Torquay;27;1,80 m;Delantero - Delantero centro;derecho;Aston Villa;9/09/2020;30/06/2028
84;João Palhinha;55000000;9/07/1995;Lisboa;28;1,90 m;Medio campo - Pivote;derecho;Fulham FC;4/07/2022;30/06/2028
85;Serge Gnabry;55000000;14/07/1995;Stuttgart;28;1,76 m;Delantero - Extremo derecho;derecho;Bayern Múnich;1/07/2017;30/06/2026
86;Alejandro Balde;50000000;18/10/2003;Barcelona;19;1,75 m;Defensa - Lateral izquierdo;izquierdo;FC Barcelona;1/07/2022;30/06/2028
87;Roméo Lavia;50000000;6/01/2004;Brussels;19;1,81 m;Medio campo - Pivote;derecho;Chelsea FC;18/08/2023;30/06/2030
88;Antony Matheus;50000000;24/02/2000;São Paulo;23;1,72 m;Delantero - Extremo derecho;izquierdo;Manchester United;30/08/2022;30/06/2027
89;Michael Olise;50000000;12/12/2001;London;21;1,84 m;Delantero - Extremo derecho;izquierdo;Crystal Palace;8/07/2021;30/06/2027
90;Gonçalo Ramos;50000000;20/06/2001;Olhão;22;1,85 m;Delantero - Delantero centro;derecho;París Saint-Germain FC;7/08/2023;30/06/2024
91;Kaoru Mitoma;50000000;20/05/1997;Kawasaki, Kanagawa;26;1,78 m;Delantero - Extremo izquierdo;derecho;Brighton & Hove Albion;10/08/2021;30/06/2025
92;Amadou Onana;50000000;16/08/2001;Dakar;22;1,95 m;Medio campo - Pivote;derecho;Everton FC;9/08/2022;30/06/2027
93;Lisandro Martínez;50000000;18/01/1998;Gualeguay;25;1,75 m;Defensa - Defensa central;izquierdo;Manchester United;27/07/2022;30/06/2027
94;Manuel Ugarte;50000000;11/04/2001;Montevideo;22;1,82 m;Medio campo - Pivote;derecho;París Saint-Germain FC;7/07/2023;30/06/2028
95;João Félix;50000000;10/11/1999;Viseu;23;1,81 m;Delantero - Extremo izquierdo;derecho;FC Barcelona;1/09/2023;30/06/2024
96;Dejan Kulusevski;50000000;25/04/2000;Stockholm;23;1,86 m;Delantero - Extremo derecho;izquierdo;Tottenham Hotspur;1/07/2023;30/06/2028
97;Diogo Jota;50000000;4/12/1996;Porto;26;1,78 m;Delantero - Extremo izquierdo;derecho;Liverpool FC;19/09/2020;30/06/2027
98;Mikel Merino;50000000;22/06/1996;Pamplona;27;1,89 m;Medio campo - Mediocentro;izquierdo;Real Sociedad;12/07/2018;30/06/2025
99;Sergej Milinkovic-Savic;50000000;27/02/1995;Lleida;28;1,91 m;Medio campo - Mediocentro;derecho;Al-Hilal SFC;12/07/2023;30/06/2026
100;Milan Skriniar;50000000;11/02/1995;Žiar nad Hronom;28;1,88 m;Defensa - Defensa central;derecho;París Saint-Germain FC;6/07/2023;30/06/2028
101;João Cancelo;50000000;27/05/1994;Barreiro;29;1,82 m;Defensa - Lateral derecho;derecho;FC Barcelona;1/09/2023;30/06/2024
102;Raheem Sterling;50000000;8/12/1994;Kingston;28;1,70 m;Delantero - Extremo izquierdo;derecho;Chelsea FC;13/07/2022;30/06/2027
103;Heung-min Son;50000000;8/07/1992;Chuncheon, Gangwon;31;1,84 m;Delantero - Extremo izquierdo;ambidiestro;Tottenham Hotspur;28/08/2015;30/06/2025
104;Eberechi Eze;48000000;29/06/1998;London;25;1,78 m;Medio campo - Mediocentro ofensivo;derecho;Crystal Palace;28/08/2020;30/06/2025
105;Brennan Johnson;48000000;23/05/2001;Nottingham;22;1,86 m;Delantero - Extremo derecho;derecho;Tottenham Hotspur;1/09/2023;30/06/2028
106;Jarrod Bowen;48000000;20/12/1996;Leominster;26;1,82 m;Delantero - Extremo derecho;izquierdo;West Ham United;31/01/2020;30/06/2030
107;António Silva;45000000;30/10/2003;Viseu;19;1,87 m;Defensa - Defensa central;derecho;SL Benfica;1/07/2022;30/06/2027
108;Mykhaylo Mudryk;45000000;5/01/2001;Krasnograd, Kharkiv Oblast;22;1,75 m;Delantero - Extremo izquierdo;derecho;Chelsea FC;15/01/2023;30/06/2031
109;Anthony Gordon;45000000;24/02/2001;Liverpool;22;1,82 m;Delantero - Extremo izquierdo;derecho;Newcastle United;29/01/2023;30/06/2026
110;Pau Torres;45000000;16/01/1997;Villarreal;26;1,92 m;Defensa - Defensa central;izquierdo;Aston Villa;12/07/2023;30/06/2028
111;Sven Botman;45000000;12/01/2000;Badhoevedorp;23;1,95 m;Defensa - Defensa central;izquierdo;Newcastle United;1/07/2022;30/06/2027
112;Diogo Costa;45000000;19/09/1999;Rothrist;24;1,86 m;Portero;derecho;FC Oporto;1/07/2019;30/06/2027
113;Gianluigi Donnarumma;45000000;25/02/1999;Castellammare di Stabia;24;1,96 m;Portero;derecho;París Saint-Germain FC;14/07/2021;30/06/2026
114;Lucas Hernández;45000000;14/02/1996;Marseille;27;1,84 m;Defensa - Defensa central;izquierdo;París Saint-Germain FC;9/07/2023;30/06/2028
115;Mike Maignan;45000000;3/07/1995;Cayenne;28;1,91 m;Portero;derecho;AC Milan;1/07/2021;30/06/2026
116;Leon Goretzk;45000000;6/02/1995;Bochum;28;1,89 m;Medio campo - Mediocentro;derecho;Bayern Múnich;1/07/2018;30/06/2026
117;Thibaut Courtois;45000000;11/05/1992;Bree;31;2,00 m;Portero;izquierdo;Real Madrid CF;9/08/2018;30/06/2026
118;Levi Colwill;42000000;26/02/2003;Southampton;20; 1,87 m;Defensa - Defensa central;izquierdo;Chelsea FC;1/07/2023;30/06/2029
119;Jacob Ramsey;42000000;28/05/2001;Birmingham;22;1,80 m;Medio campo - Mediocentro;derecho;Aston Villa;1/07/2020;30/06/2027
120;Vítor Machado;42000000;13/02/2000;Santo Tirso;23;1,72 m;Medio campo - Mediocentro;derecho;París Saint-Germain FC;1/07/2022;30/06/2027
121;Jurrien Timber;42000000;17/06/2001;Utrecht;22;1,82 m;Defensa - Defensa central;derecho;Arsenal FC;14/07/2023;30/06/2028
122;Joelinton;42000000;14/08/1996;Aliança;27;1,86 m;Medio campo - Mediocentro;derecho;Newcastle United;23/07/2019;30/06/2025
123;Fabinho;42000000;23/10/1993;Campinas;29;1,88 m;Medio campo - Pivote;derecho;Al-Ittihad Club;31/07/2023;30/06/2026
124;Oleksandr Zinchenko;42000000;15/12/1996;Radomyshl, Zhytomyr Oblast;26;1,75 m;Defensa - Lateral izquierdo;izquierdo;Arsenal FC;22/07/2022;30/06/2026
125;Luke Shaw;42000000;12/07/1995;Kingston upon Thames;28;1,78 m;Defensa - Lateral izquierdo;izquierdo;Manchester United;1/07/2014;30/06/2027
126;Nathan Aké;42000000;18/02/1995;Den Haag;28;1,80 m;Defensa - Defensa central;izquierdo;Manchester City;5/08/2020;30/06/2027
127;Manu Koné;40000000;17/05/2001;Colombes;22;1,85 m;Medio campo - Mediocentro;derecho;Borussia Mönchengladbach;21/01/2021;30/06/2025
128;Giorgio Scalvini;40000000;11/12/2003;Chiari;19;1,94 m;Defensa - Defensa central;derecho;Atalanta de Bérgamo;9/07/2021;30/06/2027
129;Yéremy Pino;40000000;20/10/2002;Las Palmas;20;1,72 m;Delantero - Extremo derecho;derecho;Villarreal CF;1/08/2020;30/06/2027
130;Xavi Simons;40000000;21/04/2003;Amsterdam;20;1,79 m;Delantero - Extremo derecho;derecho;RB Leipzig;19/07/2023;30/06/2024
131;Micky van de Ven;40000000;19/04/2001;Wormer;22;1,93 m;Defensa - Defensa central;izquierdo;Tottenham Hotspur;8/08/2023;30/06/2029
132;Pedro Porro;40000000;13/09/1999;Don Benito;24;1,73 m;Defensa - Lateral derecho;derecho;Tottenham Hotspur;1/07/2023;30/06/2028
133;Mohammed Kudus;40000000;2/08/2000;Accra;23;1,77 m;Medio campo - Mediocentro ofensivo;izquierdo;West Ham United;27/08/2023;30/06/2028
134;Bremer;40000000;18/03/1997;Itapitanga;26;1,88 m;Defensa - Defensa central;derecho;Juventus de Turín;20/07/2022;30/06/2027
135;Karim Adeyemi;40000000;18/01/2002;München;21;1,80 m;Delantero - Extremo izquierdo;izquierdo;Borussia Dortmund;1/07/2022;30/06/2027
136;Conor Gallagher;40000000;6/02/2000;Epsom;23;1,82 m;Medio campo - Mediocentro;derecho;Chelsea FC;1/07/2022;30/06/2025
137;Jeremie Frimpong;40000000;10/12/2000;Amsterdam;22;1,71 m;Defensa - Lateral derecho;derecho;Bayer 04 Leverkusen;27/01/2021;30/06/2028
138;Wesley Fofana;40000000;17/12/2000;Marseille;22;1,86 m;Defensa - Defensa central;derecho;Chelsea FC;31/08/2022;30/06/2029
139;Khéphren Thuram;40000000;26/03/2001;Reggio Emilia;22;1,92 m;Medio campo - Mediocentro;derecho;OGC Niza;6/07/2019;30/06/2025
140;Benoît Badiashile;40000000;26/03/2001;Limoges;22;1,94 m;Defensa - Defensa central;izquierdo;Chelsea FC;5/01/2023;30/06/2030
141;Morgan Gibbs-White;40000000;27/01/2000;Stafford;23;1,78 m;Medio campo - Mediocentro ofensivo;derecho;Nottingham Forest;19/08/2022;30/06/2027
142;Martín Zubimendi;40000000;2/02/1999;Donostia-San Sebastián;24;1,81 m;Medio campo - Pivote;derecho;Real Sociedad;10/09/2020;30/06/2027
143;Nico Schlotterbeck;40000000;1/12/1999;Waiblingen;23;1,91 m;Defensa - Defensa central;izquierdo;Borussia Dortmund;1/07/2022;30/06/2027
144;Axel Disasi;40000000;11/03/1998;Gonesse;25;1,90 m;Defensa - Defensa central;derecho;Chelsea FC;4/08/2023;30/06/2029
145;Richarlison;40000000;10/05/1997;Nova Venécia;26;1,84 m;Delantero - Delantero centro;derecho;Tottenham Hotspur;1/07/2022;30/06/2027
146;Diogo Dalot;40000000;18/03/1999;Braga;24;1,83 m;Defensa - Lateral derecho;derecho;Manchester United;1/07/2018;30/06/2028
147;Rodrigo Bentancur;40000000;25/06/1997;Nueva Helvecia;26;1,87 m;Medio campo - Mediocentro;derecho;Tottenham Hotspur;31/01/2022;30/06/2026
148;Frank Anguissa;40000000;16/11/1995;Yaoundé;27;1,84 m;Medio campo - Mediocentro;derecho;SSC Nápoles;1/07/2022;30/06/2025
149;Benjamin Pavard;40000000;28/03/1996;Maubeuge;27;1,86 m;Defensa - Defensa central;derecho;Inter de Milán;30/08/2023;30/06/2028
150;Ismaël Bennacer;40000000;1/12/1997;Arles;25;1,75 m;Medio campo - Pivote;izquierdo;AC Milan;4/08/2019;30/06/2027
151;Mikel Oyarzabal;40000000;21/04/1997;Eibar;26;1,81 m;Delantero - Extremo izquierdo;izquierdo;Real Sociedad;1/01/2016;30/06/2028
152;Federico Chiesa;40000000;25/10/1997;Genova;25;1,75 m;Delantero - Extremo izquierdo;derecho;Juventus de Turín;1/07/2022;30/06/2025
153;Tammy Abraham;40000000;2/10/1997;London;26;1,94 m;Delantero - Delantero centro;derecho;AS Roma;17/08/2021;30/06/2026
154;Fikayo Tomori;40000000;19/12/1997;Calgary, Alberta;25;1,85 m;Defensa - Defensa central;derecho;AC Milan;1/07/2021;30/06/2027
155;Dani Olmo;40000000;7/05/1998;Terrassa;25;1,79 m;Medio campo - Mediocentro ofensivo;derecho;RB Leipzig;25/01/2020;30/06/2027
156;Rodrigo de Paul;40000000;24/05/1994;Sarandí;29;1,80 m;Medio campo - Mediocentro;derecho;Atlético de Madrid;12/07/2021;30/06/2026
157;Ederson;40000000;17/08/1993;Osasco (SP);30;1,88 m;Portero;izquierdo;Manchester City;1/07/2017;30/06/2026
158;Andrew Robertson;40000000;11/03/1994;Glasgow;29;1,78 m;Defensa - Lateral izquierdo;izquierdo;Liverpool FC;21/07/2017;30/06/2026
159;André Onana;40000000;2/04/1996;Nkol Ngok;27;1,90 m;Portero;derecho;Manchester United;20/07/2023;30/06/2028
160;Rúben Neves;40000000;13/03/1997;Santa Maria da Feira;26;1,80 m;Medio campo - Pivote;derecho;Al-Hilal SFC;1/07/2023;30/06/2026
161;Andreas Christensen;40000000;10/04/1996;Lillerød;27;1,87 m;Defensa - Defensa central;derecho;FC Barcelona;4/07/2022;30/06/2026
162;Stanislav Lobotka;40000000;25/11/1994;Trenčín;28;1,70 m;Medio campo - Pivote;ambidiestro;SSC Nápoles;15/01/2020;30/06/2027
163;Julian Brandt;40000000;2/05/1996;Bremen;27;1,85 m;Medio campo - Mediocentro ofensivo;derecho;Borussia Dortmund;1/07/2019;30/06/2026
164;John Stones;40000000;28/05/1994;Barnsley;29;1,88 m;Defensa - Defensa central;derecho;Manchester City;9/08/2016;30/06/2026
165;Adrien Rabiot;40000000;3/04/1995;Saint-Maurice;28;1,88 m;Medio campo - Mediocentro;izquierdo;Juventus de Turín;1/07/2019;30/06/2024
166;Hakan Çalhanoğlu;40000000;8/02/1994;Mannheim;29;1,78 m;Medio campo - Pivote;derecho;Inter de Milán;1/07/2021;30/06/2027
167;Marco Verratti;40000000;5/11/1992;Pescara;30;1,65 m;Medio campo - Mediocentro;derecho;Al-Arabi SC;13/09/2023;30/06/2025
168;Romelu Lukaku;40000000;13/05/1993;Antwerpen;30;1,91 m;Delantero - Delantero centro;izquierdo;AS Roma;30/08/2023;30/06/2024
169;David Alaba;40000000;24/06/1992;Wien;31;1,80 m;Defensa - Defensa central;izquierdo;Real Madrid CF;1/07/2021;30/06/2026
170;Casemiro;40000000;23/02/1992;São José dos Campos;31;1,85 m;Medio campo - Pivote;derecho;Manchester United;22/08/2022;30/06/2026
171;Destiny Udogie;38000000;28/11/2002;Verona;20;1,88 m;Defensa - Lateral izquierdo;izquierdo;Tottenham Hotspur;16/08/2022;30/06/2027
172;Ibrahima Konaté;38000000;25/05/1999;Paris;24;1,94 m;Defensa - Defensa central;derecho;Liverpool FC;1/07/2021;30/06/2026
173;Joe Willock;38000000;20/08/1999;London;24;1,86 m;Medio campo - Mediocentro;derecho;Newcastle United;13/08/2021;30/06/2027
174;James Ward-Prowse;38000000;1/11/1994;Portsmouth;28;1,77 m;Medio campo - Mediocentro;derecho;West Ham United;14/08/2023;30/06/2027
175;Mateo Kovacic;38000000;6/05/1994;Linz;29;1,77 m;Medio campo - Mediocentro;derecho;Manchester City;1/07/2023;30/06/2027
176;Nicolas Jackson;35000000;20/06/2001;Banjul;22;1,88 m;Delantero - Delantero centro;derecho;Chelsea FC;1/07/2023;30/06/2031
177;Piero Hincapié;35000000;9/01/2002;Esmeraldas;21;1,84 m;Defensa - Defensa central;izquierdo;Bayer 04 Leverkusen;16/08/2021;30/06/2027
178;Elye Wahi;35000000;2/01/2003;Courcouronnes;20;1,81 m;Delantero - Delantero centro;derecho;RC Lens;20/08/2023;30/06/2028
179;Pape Matar Sarr;35000000;14/09/2002;Thiaroye;21;1,84 m;Medio campo - Mediocentro;derecho;Tottenham Hotspur;27/08/2021;30/06/2026
180;Harvey Elliott;35000000;4/04/2003;London;20;1,70 m;Medio campo - Mediocentro ofensivo;izquierdo;Liverpool FC;1/07/2021;30/06/2027
181;Cheick Doucouré;35000000;8/01/2000;Bamako;23;1,80 m;Medio campo - Pivote;derecho;Crystal Palace;11/07/2022;30/06/2027
182;Max Kilman;35000000;23/05/1997;London;26;1,94 m;Defensa - Defensa central;izquierdo;Wolverhampton Wanderers;9/08/2018;30/06/2028
183;Ryan Gravenberch;35000000;16/05/2002;Amsterdam;21;1,90 m;Medio campo - Mediocentro;derecho;Liverpool FC;1/09/2023;30/06/2028
184;Ansu Fati;35000000;31/10/2002;Bissau;20;1,78 m;Delantero - Extremo izquierdo;derecho;Brighton & Hove Albion;1/09/2023;30/06/2024
185;Orkun Kökcü;35000000;29/12/2000;Haarlem;22;1,75 m;Medio campo - Mediocentro;ambidiestro;SL Benfica;1/07/2023;30/06/2028
186;Nicolò Fagioli;35000000;12/02/2001;Piacenza;22;1,78 m;Medio campo - Mediocentro;derecho;Juventus de Turín;1/01/2021;30/06/2026
187;Nahuel Molina;35000000;6/04/1998;Embalse;25;1,75 m;Defensa - Lateral derecho;derecho;Atlético de Madrid;28/07/2022;30/06/2027
188;Amine Gouiri;35000000;16/02/2000;Bourgoin-Jallieu;23;1,81 m;Delantero - Delantero centro;derecho;Stade Rennais FC;1/09/2022;30/06/2027
189;Bryan Mbeumo;35000000;7/08/1999;Avallon;24;1,71 m;Delantero - Extremo derecho;izquierdo;Brentford FC;5/08/2019;30/06/2026
190;Giacomo Raspadori;35000000;18/02/2000;Bentivoglio;23;1,72 m;Delantero - Mediapunta;ambidiestro;SSC Nápoles;1/07/2023;30/06/2028
191;Edson Álvarez;35000000;24/10/1997;Tlalnepantla;25;1,90 m;Medio campo - Pivote;derecho;West Ham United;10/08/2023;30/06/2028
192;Harvey Barnes;35000000;9/12/1997;Burnley;25;1,82 m;Delantero - Extremo izquierdo;derecho;Newcastle United;23/07/2023;30/06/2028
193;Marc Guéhi;35000000;13/07/2000;Abidjan;23;1,82 m;Defensa - Defensa central;derecho;Crystal Palace;18/07/2021;30/06/2026
194;Ibrahim Sangaré;35000000;2/12/1997;Abidjan;25;1,91 m;Medio campo - Pivote;derecho;Nottingham Forest;1/09/2023;30/06/2028
195;Loïs Openda;35000000;16/02/2000;Liège;23;1,77 m;Delantero - Delantero centro;derecho;RB Leipzig;14/07/2023;30/06/2028
196;Nayef Aguerd;35000000;30/03/1996;Kénitra;27;1,90 m;Defensa - Defensa central;izquierdo;West Ham United;1/07/2022;30/06/2027
197;Robin Le Normand;35000000;11/11/1996;Pabu;26;1,87 m;Defensa - Defensa central;derecho;Real Sociedad;1/07/2019;30/06/2026
198;Pervis Estupiñán;35000000;21/01/1998;Esmeraldas;25;1,75 m;Defensa - Lateral izquierdo;izquierdo;Brighton & Hove Albion;16/08/2022;30/06/2027
199;Ben Chilwell;35000000;21/12/1996;Milton Keynes;26;1,80 m;Defensa - Lateral izquierdo;izquierdo;Chelsea FC;26/08/2020;30/06/2027
200;Lorenzo Pellegrini;35000000;19/06/1996;Roma;27;1,86 m;Medio campo - Mediocentro ofensivo;ambidiestro;AS Roma;1/07/2017;30/06/2026
201;Tomas Soucek;35000000;27/02/1995;Havlíčkův Brod;28;1,92 m;Medio campo - Pivote;derecho;West Ham United;27/07/2020;30/06/2024
202;Marcos Llorente;35000000;30/01/1995;Madrid;28;1,84 m;Medio campo - Mediocentro;derecho;Atlético de Madrid;1/07/2019;30/06/2027
203;Gregor Kobel;35000000;6/12/1997;Zürich;25;1,94 m;Portero;derecho;Borussia Dortmund;1/07/2021;30/06/2028
204;Ivan Toney;35000000;16/03/1996;Northampton;27;1,85 m;Delantero - Delantero centro;derecho;Brentford FC;1/09/2020;30/06/2025
205;José María Giménez;35000000;20/01/1995;Toledo;28;1,85 m;Defensa - Defensa central;derecho;Atlético de Madrid;25/04/2013;30/06/2028
206;Otávio;35000000;9/02/1995;João Pessoa;28;1,72 m;Delantero - Extremo derecho;derecho;Al-Nassr FC;22/08/2023;30/06/2026
207;Thomas Partey;35000000;13/06/1993;Odumase Krobo;30;1,85 m;Medio campo - Pivote;derecho;Arsenal FC;5/10/2020;30/06/2025
208;Federico Dimarco;35000000;10/11/1997;Milano;25;1,75 m;Defensa - Lateral izquierdo;izquierdo;Inter de Milán;5/07/2018;30/06/2026
209;Piotr Zielinski;35000000;20/05/1994;Ząbkowice Śląskie;29;1,80 m;Medio campo - Mediocentro;ambidiestro;SSC Nápoles;4/08/2016;30/06/2024
210;Niklas Süle;35000000;3/09/1995;Frankfurt am Main;28;1,95 m;Defensa - Defensa central;derecho;Borussia Dortmund;1/07/2022;30/06/2026
211;Raphaël Varane;35000000;25/04/1993;Lille;30;1,91 m;Defensa - Defensa central;derecho;Manchester United;14/08/2021;30/06/2025
212;Leandro Trossard;35000000;4/12/1994;Waterschei;28;1,72 m;Delantero - Extremo izquierdo;derecho;Arsenal FC;20/01/2023;30/06/2026
213;Virgil van Dijk;35000000;8/07/1991;Breda;32;1,93 m;Defensa - Defensa central;derecho;Liverpool FC;1/01/2018;30/06/2025
214;Jan Oblak;35000000;7/01/1993;Škofja Loka;30;1,88 m;Portero;derecho;Atlético de Madrid;16/07/2014;30/06/2028
215;Alisson;35000000;2/10/1992;Novo Hamburgo;31;1,93 m;Portero;derecho;Liverpool FC;19/07/2018;30/06/2027
216;Marc-André ter Stegen;35000000;30/04/1992;Mönchengladbach;31;1,87 m;Portero;derecho;FC Barcelona;1/07/2014;30/06/2028
217;Lionel Messi;35000000;24/06/1987;Rosario;36;1,70 m;Delantero - Extremo derecho;izquierdo;Inter Miami CF;15/07/2023;31/12/2025
218;Vitor Roque;32000000;28/02/2005;Timóteo;18;1,72 m;Delantero - Delantero centro;derecho;Club Athletico Paranaense;11/04/2022;31/05/2027
219;João Pedro;32000000;26/09/2001;Ribeirão Preto;22;1,82 m;Delantero - Delantero centro;derecho;Brighton & Hove Albion;1/07/2023;30/06/2028
220;Cole Palmer;32000000;6/05/2002;Manchester;21;1,89 m;Medio campo - Mediocentro ofensivo;izquierdo;Chelsea FC;1/09/2023;30/06/2030
221;Pedro Neto;32000000;9/03/2000;Viana do Castelo;23;1,72 m;Delantero - Extremo derecho;izquierdo;Wolverhampton Wanderers;2/08/2019;30/06/2027
222;Aaron Ramsdale;32000000;14/05/1998;Chesterton;25;1,90 m;Portero;derecho;Arsenal FC;20/08/2021;30/06/2026
223;Pedro Gonçalves;32000000;28/06/1998;Chaves;25;1,73 m;Delantero - Extremo derecho;derecho;Sporting de Lisboa;18/08/2020;30/06/2027
224;Jadon Sancho;32000000;25/03/2000;London;23;1,80 m;Delantero - Extremo izquierdo;derecho;Manchester United;23/07/2021;30/06/2026
225;Fabián Ruiz;32000000;3/04/1996;Los Palacios y Villafranca;27;1,89 m;Medio campo - Mediocentro;izquierdo;París Saint-Germain FC;30/08/2022;30/06/2027
226;Viktor Gyökeres;32000000;4/06/1998;Stockholm;25;1,87 m;Delantero - Delantero centro;derecho;Sporting de Lisboa;13/07/2023;30/06/2028
227;Marcus Thuram;32000000;6/08/1997;Parma;26;1,92 m;Delantero - Delantero centro;derecho;Inter de Milán;1/07/2023;30/06/2028
228;Miguel Almirón;32000000;10/02/1994;Asunción;29;1,74 m;Delantero - Extremo derecho;izquierdo;Newcastle United;31/01/2019;30/06/2026
229;Allan Saint-Maximin;32000000;12/03/1997;Châtenay-Malabry;26;1,73 m;Delantero - Extremo izquierdo;derecho;Al-Ahli SFC;30/07/2023;30/06/2026
230;David Raya;32000000;15/09/1995;Barcelona;28;1,83 m;Portero;derecho;Arsenal FC;15/08/2023;30/06/2024
231;Seko Fofana;32000000;7/05/1995;Paris;28;1,85 m;Medio campo - Mediocentro;derecho;Al-Nassr FC;18/07/2023;30/06/2026
232;Pierre-Emile Højbjerg;32000000;5/08/1995;København;28;1,85 m;Medio campo - Mediocentro;derecho;Tottenham Hotspur;11/08/2020;30/06/2025
233;Antonio Rüdiger;32000000;3/03/1993;Berlin;30;1,90 m;Defensa - Defensa central;derecho;Real Madrid CF;1/07/2022;30/06/2026
234;Nico Williams;30000000;12/07/2002;Pamplona;21;1,81 m;Delantero - Extremo derecho;derecho;Athletic Club;1/07/2021;30/06/2024
235;Gabri Veiga;30000000;27/05/2002;Porriño;21;1,85 m;Medio campo - Mediocentro;derecho;Al-Ahli SFC;26/08/2023;30/06/2026
236;Rayan Cherki;30000000;17/08/2003;Lyon;20;1,77 m;Medio campo - Mediocentro ofensivo;ambidiestro;Olympique de Lyon;1/01/2020;30/06/2025
237;Jean-Clair Todibo;30000000;30/12/1999;Cayenne;23;1,90 m;Defensa - Defensa central;derecho;OGC Niza;1/07/2021;30/06/2027
238;Aaron Hickey;30000000;10/06/2002;Glasgow;21;1,85 m;Defensa - Lateral derecho;ambidiestro;Brentford FC;9/07/2022;30/06/2026
239;Pierre Kalulu;30000000;5/06/2000;Lyon;23;1,82 m;Defensa - Defensa central;derecho;AC Milan;1/09/2020;30/06/2027
240;Oihan Sancet;30000000;25/04/2000;Pamplona;23;1,88 m;Medio campo - Mediocentro ofensivo;derecho;Athletic Club;4/08/2020;30/06/2032
241;Edmond Tapsoba;30000000;2/02/1999;Ouagadougou;24;1,92 m;Defensa - Defensa central;derecho;Bayer 04 Leverkusen;31/01/2020;30/06/2028
242;Gonçalo Inácio;30000000;25/08/2001;Almada;22;1,85 m;Defensa - Defensa central;izquierdo;Sporting de Lisboa;1/07/2020;30/06/2027
243;Mohamed Camara;30000000;6/01/2000;Bamako;23;1,73 m;Medio campo - Pivote;derecho;AS Mónaco;14/08/2022;30/06/2027
244;Roger Ibañez;30000000;23/11/1998;Canela;24;1,85 m;Defensa - Defensa central;derecho;Al-Ahli SFC;10/08/2023;30/06/2027
245;Noni Madueke;30000000;10/03/2002;London;21;1,82 m;Delantero - Extremo derecho;izquierdo;Chelsea FC;20/01/2023;30/06/2030
246;Tino Livramento;30000000;12/11/2002;London;20;1,82 m;Defensa - Lateral derecho;derecho;Newcastle United;8/08/2023;30/06/2028
247;Folarin Balogun;30000000;3/07/2001;New York City, New York;22;1,78 m;Delantero - Delantero centro;derecho;AS Mónaco;30/08/2023;30/06/2028
248;Nicolás González;30000000;6/04/1998;Belén de Escobar;25;1,80 m;Delantero - Extremo derecho;izquierdo;Fiorentina;1/07/2021;30/06/2028
249;Youssoufa Moukoko;30000000;20/11/2004;Yaoundé;18;1,79 m;Delantero - Delantero centro;izquierdo;Borussia Dortmund;29/07/2020;30/06/2026
250;Martin Terrier;30000000;4/03/1997;Armentières;26;1,84 m;Delantero - Extremo izquierdo;derecho;Stade Rennais FC;6/07/2020;30/06/2026
251;Curtis Jones;30000000;30/01/2001;Liverpool;22;1,85 m;Medio campo - Mediocentro;derecho;Liverpool FC;1/07/2020;30/06/2027
252;Yves Bissouma;30000000;30/08/1996;Issia;27;1,82 m;Medio campo - Mediocentro;derecho;Tottenham Hotspur;1/07/2022;30/06/2026
253;Ademola Lookman;30000000;20/10/1997;London;25;1,74 m;Delantero - Mediapunta;derecho;Atalanta de Bérgamo;4/08/2022;30/06/2026
254;Ferran Torres;30000000;29/02/2000;Foios;23;1,84 m;Delantero - Extremo derecho;derecho;FC Barcelona;1/01/2022;30/06/2027
255;Boubacar Kamara;30000000;23/11/1999;Marseille;23;1,84 m;Medio campo - Pivote;derecho;Aston Villa;1/07/2022;30/06/2027
256;Emile Smith Rowe;30000000;28/07/2000;London;23;1,82 m;Medio campo - Mediocentro ofensivo;derecho;Arsenal FC;1/08/2020;30/06/2026
257;Teun Koopmeiners;30000000;28/02/1998;Castricum;25;1,83 m;Medio campo - Pivote;izquierdo;Atalanta de Bérgamo;30/08/2021;30/06/2025
258;Eddie Nketiah;30000000;30/05/1999;London;24;1,75 m;Delantero - Delantero centro;derecho;Arsenal FC;1/01/2019;30/06/2027
259;Malcom;30000000;26/02/1997;São Paulo;26;1,71 m;Delantero - Extremo derecho;izquierdo;Al-Hilal SFC;26/07/2023;30/06/2027
260;Marcus Edwards;30000000;3/12/1998;London;24;1,68 m;Delantero - Extremo derecho;izquierdo;Sporting de Lisboa;31/01/2022;30/06/2026
261;Taiwo Awoniyi;30000000;12/08/1997;Ilorin;26;1,83 m;Delantero - Delantero centro;derecho;Nottingham Forest;1/07/2022;30/06/2027
262;Sofyan Amrabat;30000000;21/08/1996;Huizen;27;1,85 m;Medio campo - Pivote;derecho;Manchester United;1/09/2023;30/06/2024
263;Mattia Zaccagni;30000000;16/06/1995;Cesena;28;1,77 m;Delantero - Extremo izquierdo;derecho;SS Lazio;1/07/2022;30/06/2025
264;Ángel Correa;30000000;9/03/1995;Rosario;28;1,71 m;Delantero - Extremo derecho;derecho;Atlético de Madrid;1/01/2015;30/06/2026
265;Manuel Locatelli;30000000;8/01/1998;Lecco;25;1,85 m;Medio campo - Pivote;derecho;Juventus de Turín;1/07/2023;30/06/2026
266;Joachim Andersen;30000000;31/05/1996;Frederiksberg;27;1,92 m;Defensa - Defensa central;derecho;Crystal Palace;28/07/2021;30/06/2026
267;José Gayà;30000000;25/05/1995;Pedreguer;28;1,72 m;Defensa - Lateral izquierdo;izquierdo;Valencia CF;1/07/2014;30/06/2027
268;Paulo Dybala;30000000;15/11/1993;Laguna Larga;29;1,77 m;Delantero - Mediapunta;izquierdo;AS Roma;20/07/2022;30/06/2025
269;Sébastien Haller;30000000;22/06/1994;Ris-Orangis;29;1,91 m;Delantero - Delantero centro;derecho;Borussia Dortmund;6/07/2022;30/06/2026
270;Robert Lewandowski;30000000;21/08/1988;Warszawa;35;1,85 m;Delantero - Delantero centro;derecho;FC Barcelona;19/07/2022;30/06/2026
271;Danilo;28000000;29/04/2001;Salvador;22;1,77 m;Medio campo - Mediocentro;izquierdo;Nottingham Forest;16/01/2023;30/06/2029
272;Armando Broja;28000000;10/09/2001;Slough;22;1,91 m;Delantero - Delantero centro;derecho;Chelsea FC;1/07/2022;30/06/2028
273;Matheus Cunha;28000000;27/05/1999;João Pessoa;24;1,83 m;Delantero - Delantero centro;derecho;Wolverhampton Wanderers;1/07/2023;30/06/2027
274;Jesper Lindstrøm;28000000;29/02/2000;Taastrup;23;1,82 m;Medio campo - Mediocentro ofensivo;derecho;SSC Nápoles;29/08/2023;30/06/2028
275;Robert Sánchez;28000000;18/11/1997;Cartagena;25;1,97 m;Portero;derecho;Chelsea FC;5/08/2023;30/06/2030
276;Leon Bailey;28000000;9/08/1997;Kingston;26;1,78 m;Delantero - Extremo izquierdo;izquierdo;Aston Villa;4/08/2021;30/06/2025
277;Evan Ndicka;28000000;20/08/1999;Paris;24;1,92 m;Defensa - Defensa central;izquierdo;AS Roma;1/07/2023;30/06/2028
278;Kalvin Phillips;28000000;2/12/1995;Leeds;27;1,79 m;Medio campo - Pivote;derecho;Manchester City;4/07/2022;30/06/2028
279;Guido Rodríguez;28000000;12/04/1994;Sáenz Peña;29;1,85 m;Medio campo - Pivote;derecho;Real Betis Balompié;14/01/2020;30/06/2024
280;Noussair Mazraoui;28000000;14/11/1997;Leiderdorp;25;1,83 m;Defensa - Lateral derecho;derecho;Bayern Múnich;1/07/2022;30/06/2026
281;Rico Henry;28000000;8/07/1997;Birmingham;26;1,70 m;Defensa - Lateral izquierdo;izquierdo;Brentford FC;31/08/2016;30/06/2026
282;Donyell Malen;28000000;19/01/1999;Wieringen;24;1,78 m;Delantero - Extremo derecho;derecho;Borussia Dortmund;27/07/2021;30/06/2026
283;Denzel Dumfries;28000000;18/04/1996;Rotterdam;27;1,88 m;Medio campo - Interior derecho;derecho;Inter de Milán;14/08/2021;30/06/2025
284;Emiliano Buendía;28000000;25/12/1996;Mar del Plata;26;1,72 m;Delantero - Extremo derecho;derecho;Aston Villa;1/07/2021;30/06/2026
285;Mathias Jensen;28000000;1/01/1996;Jerslev, West Zealand;27;1,80 m;Medio campo - Mediocentro;derecho;Brentford FC;10/07/2019;30/06/2026
286;Marc Cucurella;28000000;22/07/1998;Alella;25;1,73 m;Defensa - Lateral izquierdo;izquierdo;Chelsea FC;5/08/2022;30/06/2028
287;Presnel Kimpembe;28000000;13/08/1995;Beaumont-sur-Oise;28;1,83 m;Defensa - Defensa central;izquierdo;París Saint-Germain FC;1/07/2015;30/06/2024
288;Aleksandr Golovin;28000000;30/05/1996;Kaltan, Kemerovo Oblast;27;1,78 m;Medio campo - Mediocentro ofensivo;derecho;AS Mónaco;27/07/2018;30/06/2026
289;Alex Iwobi;28000000;3/05/1996;Lagos;27;1,83 m;Medio campo - Mediocentro ofensivo;derecho;Fulham FC;1/09/2023;30/06/2028
290;Konrad Laimer;28000000;27/05/1997;Salzburg;26;1,80 m;Medio campo - Mediocentro;derecho;Bayern Múnich;1/07/2023;30/06/2027
291;Emiliano Martínez;28000000;2/09/1992;Mar del Plata;31;1,95 m;Portero;derecho;Aston Villa;16/09/2020;30/06/2027
292;Aleksandar Mitrovic;28000000;16/09/1994;Smederevo;29;1,89 m;Delantero - Delantero centro;derecho;Al-Hilal SFC;19/08/2023;30/06/2026
293;Thiago Almada;27000000;26/04/2001;Buenos Aires;22;1,71 m;Medio campo - Mediocentro ofensivo;derecho;Atlanta United FC;9/02/2022;31/12/2025
294;Nicolò Zaniolo;27000000;2/07/1999;Massa;24;1,90 m;Medio campo - Mediocentro ofensivo;izquierdo;Aston Villa;18/08/2023;30/06/2024
295;Daichi Kamada;27000000;5/08/1996;Iyo, Ehime;27;1,84 m;Medio campo - Mediocentro ofensivo;derecho;SS Lazio;4/08/2023;30/06/2027
296;John McGinn;27000000;18/10/1994;Glasgow;28;1,78 m;Medio campo - Mediocentro;izquierdo;Aston Villa;8/08/2018;30/06/2027
297;Eljif Elmas;26000000;24/09/1999;Skopje;24;1,82 m;Medio campo - Mediocentro;derecho;SSC Nápoles;24/07/2019;30/06/2025
298;Ousmane Diomande;25000000;4/12/2003;Abidjan;19;1,90 m;Defensa - Defensa central;derecho;Sporting de Lisboa;31/01/2023;30/06/2027
299;Endrick;25000000;21/07/2006;Taguatinga;17;1,73 m;Delantero - Delantero centro;izquierdo;SE Palmeiras;1/01/2023;30/06/2025
300;Lamine Yamal;25000000;13/07/2007;Esplugues de Llobregat;16;1,80 m;Delantero - Extremo derecho;izquierdo;FC Barcelona;1/07/2023;30/06/2026
301;Dango Ouattara;25000000;11/02/2002;Ouagadougou;21;1,77 m;Delantero - Extremo derecho;izquierdo;AFC Bournemouth;19/01/2023;30/06/2028
302;Alejandro Garnacho;25000000;1/07/2004;Madrid;19;1,80 m;Delantero - Extremo izquierdo;derecho;Manchester United;1/07/2022;30/06/2028
303;Lesley Ugochukwu;25000000;26/03/2004;Rennes;19;1,91 m;Medio campo - Pivote;derecho;Chelsea FC;1/08/2023;30/06/2030
304;Mohamed Simakan;25000000;3/05/2000;Marseille;23;1,87 m;Defensa - Defensa central;derecho;RB Leipzig;1/07/2021;30/06/2027
305;Boulaye Dia;25000000;16/11/1996;Oyonnax;26;1,80 m;Delantero - Delantero centro;derecho;US Salernitana 1919;1/07/2023;30/06/2026
306;Malo Gusto;25000000;19/05/2003;Décines-Charpieu;20;1,78 m;Defensa - Lateral derecho;derecho;Chelsea FC;29/01/2023;30/06/2030
307;Castello Lukeba;25000000;17/12/2002;Lyon;20;1,84 m;Defensa - Defensa central;izquierdo;RB Leipzig;11/08/2023;30/06/2028
308;Beto;25000000;31/01/1998;Lisboa;25;1,94 m;Delantero - Delantero centro;derecho;Everton FC;29/08/2023;30/06/2027
309;Rayan Aït-Nouri;25000000;6/06/2001;Montreuil;22;1,80 m;Defensa - Lateral izquierdo;izquierdo;Wolverhampton Wanderers;9/07/2021;30/06/2026
310;Strahinja Pavlovic;25000000;24/05/2001;Šabac;22;1,94 m;Defensa - Defensa central;izquierdo;Red Bull Salzburgo;1/07/2022;30/06/2027
311;Youssouf Fofana;25000000;10/01/1999;Paris;24;1,85 m;Medio campo - Mediocentro;derecho;AS Mónaco;29/01/2020;30/06/2024
312;Santiago Gimenez;25000000;18/04/2001;Buenos Aires;22;1,82 m;Delantero - Delantero centro;izquierdo;Feyenoord Rotterdam;29/07/2022;30/06/2027
313;Fábio Vieira;25000000;30/05/2000;Santa Maria da Feira;23;1,70 m;Medio campo - Mediocentro ofensivo;izquierdo;Arsenal FC;1/07/2022;30/06/2027
314;Pepê;25000000;24/02/1997;Foz do Iguaçu;26;1,75 m;Delantero - Extremo izquierdo;derecho;FC Oporto;1/07/2021;30/06/2027
315;Giovanni Reyna;25000000;13/11/2002;Durham;20;1,85 m;Medio campo - Mediocentro ofensivo;derecho;Borussia Dortmund;12/01/2020;30/06/2025
316;Taylor Harwood-Bellis;25000000;30/01/2002;Stockport;21;1,88 m;Defensa - Defensa central;derecho;Southampton FC;1/09/2023;31/05/2024
317;Giorgi Mamardashvili;25000000;29/09/2000;Tiflis;23;1,97 m;Portero;izquierdo;Valencia CF;1/01/2022;30/06/2027
318;Juan Foyth;25000000;12/01/1998;La Plata;25;1,87 m;Defensa - Lateral derecho;derecho;Villarreal CF;1/07/2021;30/06/2026
319;Aaron Wan-Bissaka;25000000;26/11/1997;London;25;1,83 m;Defensa - Lateral derecho;derecho;Manchester United;1/07/2019;30/06/2024
320;Kiernan Dewsbury-Hall;25000000;6/09/1998;Shepshed;25;1,78 m;Medio campo - Mediocentro;izquierdo;Leicester City;1/07/2021;30/06/2027
321;Kevin Schade;25000000;27/11/2001;Potsdam;21;1,85 m;Delantero - Extremo derecho;derecho;Brentford FC;1/07/2023;30/06/2028
322;David Neres;25000000;3/03/1997;São Paulo;26;1,76 m;Delantero - Extremo derecho;izquierdo;SL Benfica;1/07/2022;30/06/2027
323;Mattéo Guendouzi;25000000;14/04/1999;Poissy;24;1,85 m;Medio campo - Mediocentro;derecho;SS Lazio;31/08/2023;30/06/2024
324;Jakub Kiwior;25000000;15/02/2000;Tychy;23;1,89 m;Defensa - Defensa central;izquierdo;Arsenal FC;23/01/2023;30/06/2028
325;Matty Cash;25000000;7/08/1997;Slough;26;1,85 m;Defensa - Lateral derecho;derecho;Aston Villa;3/09/2020;30/06/2027
326;Lutsharel Geertruida;25000000;18/07/2000;Rotterdam;23;1,84 m;Defensa - Lateral derecho;derecho;Feyenoord Rotterdam;1/07/2018;30/06/2025
327;Perr Schuurs;25000000;26/11/1999;Nieuwstadt;23;1,91 m;Defensa - Defensa central;derecho;Torino FC;18/08/2022;30/06/2026
328;Ezri Konsa;25000000;23/10/1997;London;25;1,83 m;Defensa - Defensa central;derecho;Aston Villa;11/07/2019;30/06/2028
329;Takefusa Kubo;25000000;4/06/2001;Kawasaki, Kanagawa;22;1,73 m;Delantero - Extremo derecho;izquierdo;Real Sociedad;19/07/2022;30/06/2027
330;Vitaliy Mykolenko;25000000;29/05/1999;Cherkasy;24;1,80 m;Defensa - Lateral izquierdo;izquierdo;Everton FC;1/01/2022;30/06/2026
331;David Hancko;25000000;13/12/1997;Prievidza;25;1,88 m;Defensa - Defensa central;izquierdo;Feyenoord Rotterdam;22/08/2022;30/06/2026
332;Samuel Chukwueze;25000000;22/05/1999;Umahaia;24;1,72 m;Delantero - Extremo derecho;izquierdo;AC Milan;27/07/2023;30/06/2028
333;Maxence Caqueret;25000000;15/02/2000;Vénissieux;23;1,74 m;Medio campo - Mediocentro;derecho;Olympique de Lyon;14/12/2018;30/06/2027
334;Davide Frattesi;25000000;22/09/1999;Roma;24;1,78 m;Medio campo - Mediocentro;derecho;Inter de Milán;6/07/2023;30/06/2024
335;Brenden Aaronson;25000000;22/10/2000;Medford, New Jersey;22;1,77 m;Medio campo - Mediocentro ofensivo;derecho;1.FC Unión Berlín;9/07/2023;30/06/2024
336;Carlos Soler;25000000;2/01/1997;Valencia;26;1,80 m;Medio campo - Mediocentro;derecho;París Saint-Germain FC;1/09/2022;30/06/2027
337;Sean Longstaff;25000000;30/10/1997;Newcastle upon Tyne;25;1,87 m;Medio campo - Mediocentro;derecho;Newcastle United;1/01/2019;30/06/2025
338;Kyle Walker-Peters;25000000;13/04/1997;London;26;1,73 m;Defensa - Lateral derecho;derecho;Southampton FC;11/08/2020;30/06/2025
339;Takehiro Tomiyasu;25000000;5/11/1998;Fukuoka, Fukuoka;24;1,88 m;Defensa - Lateral derecho;derecho;Arsenal FC;31/08/2021;30/06/2025
340;Hirving Lozano;25000000;30/07/1995;Mexico City;28;1,75 m;Delantero - Extremo derecho;derecho;PSV Eindhoven;1/09/2023;30/06/2028
341;Scott McTominay;25000000;8/12/1996;Lancaster;26;1,91 m;Medio campo - Pivote;derecho;Manchester United;1/07/2017;30/06/2025
342;Christian Pulisic;25000000;18/09/1998;Hershey, Pennsylvania;25;1,77 m;Delantero - Extremo derecho;derecho;AC Milan;13/07/2023;30/06/2027
343;Brais Méndez;25000000;7/01/1997;Mos;26;1,84 m;Medio campo - Mediocentro ofensivo;izquierdo;Real Sociedad;6/07/2022;30/06/2028
344;Dominic Calvert-Lewin;25000000;16/03/1997;Sheffield;26;1,89 m;Delantero - Delantero centro;derecho;Everton FC;31/08/2016;30/06/2025
345;Kieran Tierney;25000000;5/06/1997;Douglas;26;1,80 m;Defensa - Lateral izquierdo;izquierdo;Real Sociedad;27/08/2023;30/06/2024
346;Marco Asensio;25000000;21/01/1996;Palma de Mallorca;27;1,82 m;Delantero - Extremo izquierdo;izquierdo;París Saint-Germain FC;6/07/2023;30/06/2026
347;Franck Kessié;25000000;19/12/1996;Ouragahio;26;1,83 m;Medio campo - Mediocentro;derecho;Al-Ahli SFC;9/08/2023;30/06/2026
348;Ferland Mendy;25000000;8/06/1995;Meulan-en-Yvelines;28;1,80 m;Defensa - Lateral izquierdo;izquierdo;Real Madrid CF;1/07/2019;30/06/2025
349;Saïd Benrahma;25000000;10/08/1995;Aïn Témouchent;28;1,72 m;Delantero - Extremo izquierdo;derecho;West Ham United;29/01/2021;30/06/2026
350;Wilfred Ndidi;25000000;16/12/1996;Lagos;26;1,83 m;Medio campo - Pivote;derecho;Leicester City;3/01/2017;30/06/2024
351;Unai Simón;25000000;11/06/1997;Vitoria-Gasteiz;26;1,90 m;Portero;derecho;Athletic Club;1/07/2018;30/06/2025
352;Amir Rrahmani;25000000;24/02/1994;Prishtinë;29;1,92 m;Defensa - Defensa central;ambidiestro;SSC Nápoles;20/01/2020;30/06/2027
353;Iñaki Williams;25000000;15/06/1994;Bilbao;29;1,86 m;Delantero - Extremo derecho;derecho;Athletic Club;1/07/2015;30/06/2028
354;Enes Ünal;25000000;10/05/1997;Bursa;26;1,87 m;Delantero - Delantero centro;derecho;Getafe CF;12/08/2020;30/06/2025
355;Patrik Schick;25000000;24/01/1996;Praha;27;1,91 m;Delantero - Delantero centro;izquierdo;Bayer 04 Leverkusen;8/09/2020;30/06/2027
356;Reinildo Mandava;25000000;21/01/1994;Beira;29;1,80 m;Defensa - Lateral izquierdo;izquierdo;Atlético de Madrid;31/01/2022;30/06/2025
357;Álex Remiro;25000000;24/03/1995;Cascante;28;1,91 m;Portero;derecho;Real Sociedad;1/07/2019;30/06/2027
358;Adam Webster;25000000;4/01/1995;West Wittering;28;1,90 m;Defensa - Defensa central;derecho;Brighton & Hove Albion;3/08/2019;30/06/2026
359;Ruben Loftus-Cheek;25000000;23/01/1996;London;27;1,91 m;Medio campo - Mediocentro;derecho;AC Milan;1/07/2023;30/06/2027
360;Sadio Mané;25000000;10/04/1992;Bambaly;31;1,74 m;Delantero - Extremo izquierdo;derecho;Al-Nassr FC;1/08/2023;30/06/2026
361;Alejandro Grimaldo;25000000;20/09/1995;Valencia;28;1,71 m;Defensa - Lateral izquierdo;izquierdo;Bayer 04 Leverkusen;1/07/2023;30/06/2027
362;Aymeric Laporte;25000000;27/05/1994;Agen;29;1,89 m;Defensa - Defensa central;izquierdo;Al-Nassr FC;24/08/2023;30/06/2026
363;Timo Werner;25000000;6/03/1996;Stuttgart;27;1,80 m;Delantero - Delantero centro;derecho;RB Leipzig;9/08/2022;30/06/2026
364;Giovanni Di Lorenzo;25000000;4/08/1993;Castelnuovo di Garfagnana;30;1,83 m;Defensa - Lateral derecho;derecho;SSC Nápoles;1/07/2019;30/06/2028
365;Marcelo Brozovic;25000000;16/11/1992;Zagreb;30;1,81 m;Medio campo - Pivote;ambidiestro;Al-Nassr FC;3/07/2023;30/06/2026
366;Yannick Carrasco;25000000;4/09/1993;Ixelles;30;1,81 m;Delantero - Extremo izquierdo;derecho;Al-Shabab FC;4/09/2023;30/06/2027
367;Antoine Griezmann;25000000;21/03/1991;Mâcon;32;1,76 m;Delantero - Delantero centro;izquierdo;Atlético de Madrid;1/07/2023;30/06/2026
368;Karim Benzema;25000000;19/12/1987;Lyon;35;1,85 m;Delantero - Delantero centro;derecho;Al-Ittihad Club;1/07/2023;30/06/2026
369;Benjamin Sesko;24000000;31/05/2003;Radeče;20;1,94 m;Delantero - Delantero centro;derecho;RB Leipzig;1/07/2023;30/06/2028
370;Wendel;24000000;28/08/1997;Duque de Caxias;26;1,80 m;Medio campo - Mediocentro;derecho;Zenit de San Petersburgo;6/10/2020;30/06/2027
371;Morten Hjulmand;24000000;25/06/1999;Kastrup;24;1,85 m;Medio campo - Pivote;derecho;Sporting de Lisboa;13/08/2023;30/06/2028
372;Tetê;24000000;15/02/2000;Alvorada;23;1,75 m;Delantero - Extremo derecho;izquierdo;Galatasaray;10/08/2023;30/06/2027
373;Christoph Baumgartner;24000000;1/08/1999;Horn;24;1,80 m;Medio campo - Mediocentro ofensivo;derecho;RB Leipzig;1/07/2023;30/06/2028
374;Gonçalo Guedes;23000000;29/11/1996;Benavente;26;1,79 m;Delantero - Extremo izquierdo;derecho;SL Benfica;29/08/2023;30/06/2024
375;Kamaldeen Sulemana;22000000;15/02/2002;Techiman;21;1,75 m;Delantero - Extremo izquierdo;derecho;Southampton FC;31/01/2023;30/06/2027
376;João Gomes;22000000;12/02/2001;Rio de Janeiro ;22;1,76 m;Medio campo - Mediocentro;derecho;Wolverhampton Wanderers;30/01/2023;30/06/2028
377;Tyrick Mitchell;22000000;1/09/1999;London;24;1,75 m;Defensa - Lateral izquierdo;izquierdo;Crystal Palace;1/07/2020;30/06/2025
378;Evanilson;22000000;6/10/1999;Fortaleza;24;1,83 m;Delantero - Delantero centro;ambidiestro;FC Oporto;9/09/2020;30/06/2027
379;Julio Enciso;22000000;23/01/2004;Caaguazú;19;1,73 m;Delantero - Mediapunta;derecho;Brighton & Hove Albion;1/07/2022;30/06/2026
380;Arnaud Kalimuendo;22000000;20/01/2002;Suresnes;21;1,75 m;Delantero - Delantero centro;derecho;Stade Rennais FC;11/08/2022;30/06/2027
381;Kang-in Lee;22000000;19/02/2001;Incheon;22;1,73 m;Medio campo - Mediocentro ofensivo;izquierdo;París Saint-Germain FC;8/07/2023;30/06/2028
382;Anatoliy Trubin;22000000;1/08/2001;Donetsk;22;1,99 m;Portero;derecho;SL Benfica;10/08/2023;30/06/2028
383;Facundo Medina;22000000;28/05/1999;Buenos Aires;24;1,84 m;Defensa - Defensa central;izquierdo;RC Lens;2/07/2020;30/06/2026
384;Marcos Senesi;22000000;10/05/1997;Concordia;26;1,85 m;Defensa - Defensa central;izquierdo;AFC Bournemouth;8/08/2022;30/06/2026
385;Nathan Collins;22000000;30/04/2001;Leixlip;22;1,93 m;Defensa - Defensa central;derecho;Brentford FC;4/07/2023;30/06/2029
386;Charles De Ketelaere;22000000;10/03/2001;Brugge;22;1,92 m;Medio campo - Mediocentro ofensivo;izquierdo;Atalanta de Bérgamo;16/08/2023;30/06/2024
387;Pedro;22000000;20/06/1997;Rio de Janeiro;26;1,85 m;Delantero - Delantero centro;derecho;CR Flamengo;1/01/2021;31/12/2027
388;Jack Harrison;22000000;20/11/1996;Stoke-on-Trent;26;1,75 m;Delantero - Extremo izquierdo;izquierdo;Everton FC;14/08/2023;31/05/2024
389;Exequiel Palacios;22000000;5/10/1998;Famaillá;25;1,77 m;Medio campo - Mediocentro;derecho;Bayer 04 Leverkusen;1/01/2020;30/06/2028
390;Hamed Junior Traorè;22000000;16/02/2000;Abidjan;23;1,77 m;Medio campo - Mediocentro ofensivo;derecho;AFC Bournemouth;1/07/2023;30/06/2028
391;Nicolò Casale;22000000;14/02/1998;Negrar;25;1,91 m;Defensa - Defensa central;derecho;SS Lazio;8/07/2022;30/06/2027
392;Arthur Theate;22000000;25/05/2000;Liège;23;1,85 m;Defensa - Defensa central;izquierdo;Stade Rennais FC;29/07/2022;30/06/2027
393;Pablo Fornals;22000000;22/02/1996;Castelló de la Plana;27;1,78 m;Medio campo - Mediocentro ofensivo;derecho;West Ham United;1/07/2019;30/06/2024
394;Tyrell Malacia;22000000;17/08/1999;Rotterdam;24;1,69 m;Defensa - Lateral izquierdo;izquierdo;Manchester United;5/07/2022;30/06/2026
395;Valentin Rongier;22000000;7/12/1994;Mâcon;28;1,72 m;Medio campo - Mediocentro;derecho;Olympique de Marsella;3/09/2019;30/06/2026
396;Gianluca Scamacca;22000000;1/01/1999;Roma;24;1,95 m;Delantero - Delantero centro;derecho;Atalanta de Bérgamo;7/08/2023;30/06/2027
397;Steven Bergwijn;22000000;8/10/1997;Amsterdam;26;1,78 m;Delantero - Extremo izquierdo;derecho;Ajax de Ámsterdam;8/07/2022;30/06/2027
398;Issa Diop;22000000;9/01/1997;Toulouse;26;1,94 m;Defensa - Defensa central;derecho;Fulham FC;10/08/2022;30/06/2027
399;Viktor Tsygankov;22000000;15/11/1997;Nahariya;25;1,78 m;Delantero - Extremo derecho;izquierdo;Girona FC;17/01/2023;30/06/2027
400;Kevin Danso;22000000;19/09/1998;Voitsberg;25;1,90 m;Defensa - Defensa central;derecho;RC Lens;6/08/2021;30/06/2027
401;Joe Gomez;22000000;23/05/1997;London;26;1,88 m;Defensa - Defensa central;derecho;Liverpool FC;1/07/2015;30/06/2027
402;Tyrone Mings;22000000;13/03/1993;Bath;30;1,96 m;Defensa - Defensa central;izquierdo;Aston Villa;8/07/2019;30/06/2026
403;Rafa;22000000;17/05/1993;Forte da Casa;30;1,72 m;Delantero - Extremo izquierdo;derecho;SL Benfica;31/08/2016;30/06/2024
404;Xaver Schlager;22000000;28/09/1997;Linz;26;1,74 m;Medio campo - Mediocentro;izquierdo;RB Leipzig;1/07/2022;30/06/2026
405;Djibril Sow;22000000;6/02/1997;Zürich;26;1,84 m;Medio campo - Mediocentro;derecho;Sevilla FC;4/08/2023;30/06/2028
406;Solly March;22000000;20/07/1994;Eastbourne;29;1,80 m;Delantero - Extremo derecho;izquierdo;Brighton & Hove Albion;1/07/2013;30/06/2026
407;Thomas Lemar;22000000;12/11/1995;Baie-Mahault;27;1,71 m;Medio campo - Mediocentro ofensivo;izquierdo;Atlético de Madrid;1/07/2018;30/06/2027
408;Filip Kostić;22000000;1/11/1992;Kragujevac;30;1,84 m;Medio campo - Interior izquierdo;izquierdo;Juventus de Turín;12/08/2022;30/06/2026
409;Kurt Zouma;22000000;27/10/1994;Lyon;28;1,90 m;Defensa - Defensa central;derecho;West Ham United;28/08/2021;30/06/2025
410;Jordan Pickford;22000000;7/03/1994;Washington;29;1,85 m;Portero;izquierdo;Everton FC;1/07/2017;30/06/2027
411;Tanguy Ndombélé;21000000;28/12/1996;Longjumeau;26;1,81 m;Medio campo - Mediocentro;derecho;Galatasaray;4/09/2023;30/06/2024
412;Gift Orban;20000000;17/07/2002;Benue ;21;1,78 m;Delantero - Delantero centro;derecho;KAA Gante;31/01/2023;30/06/2027
413;Carlos Baleba;20000000;3/01/2004;Douala;19;1,79 m;Medio campo - Pivote;izquierdo;Brighton & Hove Albion;29/08/2023;30/06/2028
414;Alex Scott;20000000;21/08/2003;Guernsey;20;1,78 m;Medio campo - Mediocentro;derecho;AFC Bournemouth;10/08/2023;-
415;Warren Zaïre-Emery;20000000;8/03/2006;Montreuil;17;1,78 m;Medio campo - Mediocentro;derecho;París Saint-Germain FC;1/07/2022;30/06/2025
416;Mathys Tel;20000000;27/04/2005;Sarcelles;18;1,83 m;Delantero - Delantero centro;derecho;Bayern Múnich;26/07/2022;30/06/2027
417;Vanderson;20000000;21/06/2001;Rondonópolis;22;1,73 m;Defensa - Lateral derecho;derecho;AS Mónaco;1/01/2022;30/06/2027
418;Hugo Ekitiké;20000000;20/06/2002;Reims;21;1,89 m;Delantero - Delantero centro;derecho;París Saint-Germain FC;1/07/2023;30/06/2027
419;Rico Lewis;20000000;21/11/2004;Bury;18;1,69 m;Defensa - Lateral derecho;derecho;Manchester City;1/07/2022;30/06/2028
420;João Neves;20000000;27/09/2004;Tavira;19;1,74 m;Medio campo - Pivote;derecho;SL Benfica;1/01/2023;30/06/2028
421;Ilya Zabarnyi;20000000;1/09/2002;Kyiv;21;1,89 m;Defensa - Defensa central;derecho;AFC Bournemouth;31/01/2023;30/06/2028
422;Enzo Le Fée;20000000;3/02/2000;Lorient;23;1,73 m;Medio campo - Mediocentro ofensivo;derecho;Stade Rennais FC;7/07/2023;30/06/2028
423;Éderson;20000000;7/07/1999;Campo Grande;24;1,83 m;Medio campo - Mediocentro;derecho;Atalanta de Bérgamo;6/07/2022;30/06/2026
424;Dwight McNeil;20000000;22/11/1999;Rochdale;23;1,83 m;Delantero - Extremo izquierdo;izquierdo;Everton FC;28/07/2022;30/06/2027
425;Nicola Zalewski;20000000;23/01/2002;Tivoli;21;1,75 m;Medio campo - Interior izquierdo;ambidiestro;AS Roma;1/07/2021;30/06/2025
426;Álex Baena;20000000;20/07/2001;Roquetas de Mar;22;1,74 m;Medio campo - Mediocentro ofensivo;derecho;Villarreal CF;1/08/2020;30/06/2028
427;Illan Meslier;20000000;2/03/2000;Lorient;23;1,97 m;Portero;izquierdo;Leeds United;27/07/2020;30/06/2026
428;Terem Moffi;20000000;25/05/1999;Calabar;24;1,88 m;Delantero - Delantero centro;izquierdo;OGC Niza;1/07/2023;30/06/2027
429;Amine Adli;20000000;10/05/2000;Béziers;23;1,74 m;Delantero - Extremo derecho;izquierdo;Bayer 04 Leverkusen;26/08/2021;30/06/2026
430;Malick Thiaw;20000000;8/08/2001;Düsseldorf;22;1,94 m;Defensa - Defensa central;derecho;AC Milan;29/08/2022;30/06/2027
431;Amar Dedic;20000000;18/08/2002;Zell am See;21;1,80 m;Defensa - Lateral derecho;derecho;Red Bull Salzburgo;1/08/2020;30/06/2027
432;Luis Sinisterra;20000000;17/06/1999;Santander de Quilichao;24;1,72 m;Delantero - Extremo izquierdo;derecho;AFC Bournemouth;1/09/2023;31/05/2024
433;Neco Williams;20000000;13/04/2001;Wrexham;22;1,83 m;Defensa - Lateral derecho;derecho;Nottingham Forest;10/07/2022;30/06/2026
434;Ian Maatsen;20000000;10/03/2002;Vlaardingen;21;1,67 m;Defensa - Lateral izquierdo;izquierdo;Chelsea FC;1/07/2023;30/06/2024
435;Renan Lodi;20000000;8/04/1998;Serrana;25;1,73 m;Defensa - Lateral izquierdo;izquierdo;Olympique de Marsella;14/07/2023;30/06/2028
436;Emerson Royal;20000000;14/01/1999;São Paulo;24;1,83 m;Defensa - Lateral derecho;derecho;Tottenham Hotspur;31/08/2021;30/06/2026
437;Samuele Ricci;20000000;21/08/2001;Pontedera;22;1,81 m;Medio campo - Pivote;derecho;Torino FC;1/07/2022;30/06/2026
438;Armel Bella-Kotchap;20000000;11/12/2001;Paris;21;1,90 m;Defensa - Defensa central;derecho;PSV Eindhoven;1/09/2023;30/06/2024
439;Galeno;20000000;22/10/1997;Barra da Corda;25;1,79 m;Delantero - Extremo izquierdo;derecho;FC Oporto;31/01/2022;30/06/2027
440;Youssef En-Nesyri;20000000;1/06/1997;Fès;26;1,92 m;Delantero - Delantero centro;izquierdo;Sevilla FC;16/01/2020;30/06/2025
441;Caio Henrique;20000000;31/07/1997;Santos;26;1,78 m;Defensa - Lateral izquierdo;izquierdo;AS Mónaco;27/08/2020;30/06/2027
442;James Justin;20000000;23/02/1998;Luton;25;1,83 m;Defensa - Lateral derecho;derecho;Leicester City;1/07/2019;30/06/2026
443;Ismaïla Sarr;20000000;25/02/1998;Saint-Louis;25;1,85 m;Delantero - Extremo derecho;derecho;Olympique de Marsella;24/07/2023;30/06/2028
444;Nicolas Seiwald;20000000;4/05/2001;Kuchl;22;1,79 m;Medio campo - Mediocentro;derecho;RB Leipzig;1/07/2023;30/06/2028
445;Claudinho;20000000;28/01/1997;Guarulhos;26;1,70 m;Medio campo - Mediocentro ofensivo;derecho;Zenit de San Petersburgo;13/08/2021;30/06/2027
446;Dodô;20000000;17/11/1998;Taubaté;24;1,66 m;Defensa - Lateral derecho;derecho;Fiorentina;22/07/2022;30/06/2027
447;Arthur Cabral;20000000;25/04/1998;Campina Grande;25;1,86 m;Delantero - Delantero centro;derecho;SL Benfica;10/08/2023;30/06/2028
448;Lovro Majer;20000000;17/01/1998;Zagreb;25;1,78 m;Medio campo - Mediocentro;izquierdo;VfL Wolfsburgo;16/08/2023;30/06/2028
449;Anel Ahmedhodzic;20000000;26/03/1999;Malmö;24;1,90 m;Defensa - Defensa central;derecho;Sheffield United;6/07/2022;30/06/2026
450;André Almeida;20000000;30/05/2000;Guimarães;23;1,76 m;Medio campo - Mediocentro;derecho;Valencia CF;25/08/2022;30/06/2028
451;Florentino;20000000;19/08/1999;Lobito;24;1,84 m;Medio campo - Pivote;derecho;SL Benfica;1/01/2019;30/06/2027
452;Arnaut Danjuma;20000000;31/01/1997;Lagos;26;1,78 m;Delantero - Extremo izquierdo;derecho;Everton FC;23/07/2023;30/06/2024
453;Noah Okafor;20000000;24/05/2000;Binningen;23;1,85 m;Delantero - Delantero centro;derecho;AC Milan;22/07/2023;30/06/2028
454;Ché Adams;20000000;13/07/1996;Leicester;27;1,79 m;Delantero - Delantero centro;derecho;Southampton FC;1/07/2019;30/06/2024
455;Boubakary Soumaré;20000000;27/02/1999;Noisy-le-Sec;24;1,88 m;Medio campo - Pivote;derecho;Sevilla FC;1/09/2023;30/06/2024
456;Odsonne Edouard;20000000;16/01/1998;Kourou;25;1,87 m;Delantero - Delantero centro;derecho;Crystal Palace;31/08/2021;30/06/2025
457;Cengiz Ünder;20000000;14/07/1997;Balikesir;26;1,73 m;Delantero - Extremo derecho;izquierdo;Fenerbahce;13/08/2023;30/06/2027
458;Merih Demiral;20000000;5/03/1998;Kocaeli;25;1,90 m;Defensa - Defensa central;derecho;Al-Ahli SFC;19/08/2023;30/06/2026
459;Sander Berge;20000000;14/02/1998;Bærum;25;1,95 m;Medio campo - Pivote;derecho;Burnley FC;9/08/2023;30/06/2027
460;Tyler Adams;20000000;14/02/1999;Wappingers Falls, New York;24;1,75 m;Medio campo - Pivote;derecho;AFC Bournemouth;20/08/2023;30/06/2028
461;Philip Billing;20000000;11/06/1996;Copenhagen;27;1,93 m;Medio campo - Mediocentro;izquierdo;AFC Bournemouth;29/07/2019;30/06/2027
462;Brahim Díaz;20000000;3/08/1999;Málaga;24;1,70 m;Medio campo - Mediocentro ofensivo;ambidiestro;Real Madrid CF;6/01/2019;30/06/2027
463;David García;20000000;14/02/1994;Ibero;29;1,86 m;Defensa - Defensa central;ambidiestro;CA Osasuna;1/01/2015;30/06/2026
464;Jonathan Bamba;20000000;26/03/1996;Alfortville;27;1,75 m;Delantero - Extremo izquierdo;derecho;RC Celta de Vigo;18/07/2023;30/06/2026
465;Wout Faes;20000000;3/04/1998;Mol;25;1,87 m;Defensa - Defensa central;derecho;Leicester City;1/09/2022;30/06/2027
466;Demarai Gray;20000000;28/06/1996;Birmingham;27;1,83 m;Delantero - Extremo izquierdo;derecho;Al-Ettifaq FC;7/09/2023;30/06/2027
467;Orel Mangala;20000000;18/03/1998;Brüssel;25;1,78 m;Medio campo - Mediocentro;derecho;Nottingham Forest;31/07/2022;30/06/2026
468;Mykola Matvienko;20000000;2/05/1996;Saky, Krym;27;1,82 m;Defensa - Defensa central;izquierdo;Shakhtar Donetsk;1/07/2017;31/12/2027
469;Ludovic Blas;20000000;31/12/1997;Colombes;25;1,80 m;Medio campo - Mediocentro ofensivo;izquierdo;Stade Rennais FC;5/07/2023;30/06/2027
470;Guglielmo Vicario;20000000;7/10/1996;Udine;27;1,94 m;Portero;derecho;Tottenham Hotspur;1/07/2023;30/06/2028
471;Ramy Bensebaini;20000000;16/04/1995;Constantine;28;1,87 m;Defensa - Lateral izquierdo;izquierdo;Borussia Dortmund;1/07/2023;30/06/2027
472;Mario Hermoso;20000000;18/06/1995;Madrid;28;1,84 m;Defensa - Defensa central;izquierdo;Atlético de Madrid;18/07/2019;30/06/2024
473;Borja Iglesias;20000000;17/01/1993;Santiago de Compostela;30;1,87 m;Delantero - Delantero centro;derecho;Real Betis Balompié;14/08/2019;30/06/2026
